<?xml version="1.0"?>
<config xmlns:xsi="http://www.w3.org/2001/XMLSchema-instance" xsi:noNamespaceSchemaLocation="urn:magento:framework:ObjectManager/etc/config.xsd">
   <virtualType name="Dford\Geoip\Model\Resource\Collection" type="Dford\Geoip\Ui\DataProvider\SearchResult">
        <arguments>
            <argument name="mainTable" xsi:type="string">dford_geoip_data</argument>
            <argument name="resourceModel" xsi:type="string">Dford\Geoip\Model\ResourceModel\Geoip</argument>
        </arguments>
    </virtualType>
    <type name="Magento\Framework\View\Element\UiComponent\DataProvider\CollectionFactory">
        <arguments>
            <argument name="collections" xsi:type="array">
                <item name="dford_geoip_grid_data_source" xsi:type="string">Dford\Geoip\Model\Resource\Collection</item>
            </argument>
        </arguments>
    </type> 
    <type name="Magento\Framework\App\Action\AbstractAction">
         <plugin name="dford_geoip_app_action_dispatchController_context_plugin" type="Dford\Geoip\Plugin\App\Action\Context" sortOrder="15"/>
    </type>
</config>
